,ID_SIR_TMJ,X_DEPART,X_FIN,Y_DEPART,Y_FIN,Z_DEPART,Z_FIN,AXE,CUMULD,CUMULF,PLOD,ABSD,PLOF,ABSF,TYPE_CPT,SENS,LIBELLE,LOCALISATI,COMMUNE,CODEINSEE,CATEGORIE,ROUTE,PLOC,ABSC,CUMULC,LATITUDE,LONGITUDE,DERNANCPT,ANNEE_N,MJATVTCJN,MJAPLTCJN,MJAPPLTCJN,COTE,EMPLACEMEN,VOIE,DISTANCE
0,11,346176.4032,343596.0104,6788422.1916,6786597.5813,0.0,0.0,N24,3214,6423,5,64,8,273,Permanent,3,Rennes - Lorient,N24 OH-10_1 (LE RHEU),LE RHEU,35240,6N,35 N24,6,750,0,48.0918884,-1.7722661,2021,2021,27074,3526,13.02,,,0,
1,15,358631.3093,357698.5927,6788839.0737,6788351.2813,0.0,0.0,N136,1840,2881,1,690,2,736,Permanent,3,Porte 2 - Porte 3,"N136 03-02 (CESSON, Bellangeraie)",CESSON-SEVIGNE,35051,6N,35 N136,2,172,0,0.0,0.0,2021,2021,58663,8035,13.7,,,0,
2,17,354730.3452,352551.7109,6786240.6398,6785915.4113,0.0,0.0,N136,6470,8729,6,331,8,582,Permanent,3,Porte 5 - Portec 6,"N136 05-06_2 (RENNES, Le Blosne)",NOYAL-CHATILLON-SUR-SEICHE,35206,6N,35 N136,8,0,0,0.0,0.0,2021,2021,85871,9727,11.33,,,0,
3,18,356074.206,354730.3452,6787206.3417,6786240.6398,0.0,0.0,N136,4825,6470,4,671,6,331,Permanent,3,Porte 4 - Porte 5,"N136 05-04 (RENNES, Les Loges)",CHANTEPIE,35055,6N,35 N136,5,976,0,0.0,0.0,2021,2021,71800,8913,12.41,,,0,
4,19,352551.7109,351066.265,6785915.4113,6785807.6549,0.0,0.0,N136,8729,10220,8,582,10,87,Permanent,3,Porte 6 - Porte 7,"N136 06-07 (RENNES, Bréquigny)",NOYAL-CHATILLON-SUR-SEICHE,35206,6N,35 N136,9,700,0,0.0,0.0,2021,2021,89957,8590,9.55,,,0,
5,21,350073.8407,349280.8087,6786892.4135,6788097.035,0.0,0.0,N136,11856,13307,11,752,13,224,Permanent,3,Porte 8 - Porte 9,"N136 09-08_1 (RENNES, Cleunay)",SAINT-JACQUES-DE-LA-LANDE,35281,6N,35 N136,13,146,0,0.0,0.0,2021,2021,103038,9301,9.03,,,0,
6,22,349280.8087,349121.2486,6788097.035,6788880.5854,0.0,0.0,N136,13307,14112,13,224,14,9,Permanent,3,Porte 9 - Porte 10,"N136_10 (RENNES, Pte de Lorient)",RENNES,35238,6N,35 N136,14,0,0,0.0,0.0,2021,2021,106928,9423,8.81,,,0,
7,24,347383.6889,349006.5018,6744834.6234,6760211.3365,0.0,0.0,N137,0,16146,0,0,16,399,Permanent,3,Nantes - Rennes,N137 BAIN de BRETAGNE (Stat.),BAIN-DE-BRETAGNE,35012,6N,35 N137,12,520,0,0.0,0.0,2021,2021,26621,2638,9.91,,,0,
8,25,332624.4164,338967.8307,6847836.9475,6848642.1694,0.0,0.0,D2,0,6545,0,0,6,802,Permanent,3,D301 - D376 D6 D74,D2.LA.GARDE,SAINT-MALO,35288,C,35 D2,1,740,0,48.6295743,-1.966292,2021,2021,7114,292,4.1,,,0,
9,26,349006.5018,350014.6435,6760211.3365,6773834.9081,0.0,0.0,N137,16146,30409,16,399,31,3,Permanent,3,D777 - D41,N137 BOURG DES COMPTES (Stat.),BOURG-DES-COMPTES,35033,6N,35 N137,25,0,0,0.0,0.0,2021,2021,34809,4682,13.45,,,0,
10,33,398922.7053,371458.6863,6783643.6385,6786824.9505,0.0,0.0,N157,0,28497,0,0,28,490,Permanent,3,Paris - Rennes,N157 VITRE (Erbrée) (Stat.),ERBREE,35105,6N,35 N157,5,800,0,0.0,0.0,2021,2021,30188,5610,18.58,,,0,
11,35,371458.6863,367259.9598,6786824.9505,6787572.7583,0.0,0.0,N157,28497,32774,28,490,33,713,Permanent,3,Paris - Rennes,N157 SERVON (Stat.),SERVON-SUR-VILAINE,35327,6N,35 N157,32,100,0,0.0,0.0,2021,2021,47414,7553,15.93,,,0,
12,38,323810.8655,312330.8738,6801842.0073,6801239.6784,0.0,0.0,N164,0,13711,0,0,13,1014,Permanent,3,N12 - Dép. 22,N164 ST MEEN (Stat.),SAINT-ONEN-LA-CHAPELLE,35302,6N,35 N164,7,78,0,0.0,0.0,2021,2021,10432,1847,17.7,,,0,
13,40,338897.3005,348413.9725,6845075.8754,6839033.0053,0.0,0.0,D4,5708,17429,6,945,18,705,Permanent,3,St Malo - Dol de Bgne,D4.FRESNAIS,LA FRESNAIS,35116,C,35 D4,13,429,0,48.582,-1.82579,2021,2021,4963,291,5.86,,,0,
14,45,366102.498,352089.2793,6838611.262,6838791.5416,0.0,0.0,N176,0,14173,0,0,14,290,Permanent,3,Pontorson - Dol,N176 BAGUER-PICAN (Stat.),BAGUER-PICAN,35010,6N,35 N176,12,538,0,0.0,0.0,2021,2021,14827,1903,12.84,,,0,
15,50,338981.4491,339282.4057,6848639.3527,6848396.1899,0.0,0.0,D6,3267,3695,3,293,3,721,Temporaire,3,D2 - D76,ST MELOIR DES ONDES,SAINT-MELOIR-DES-ONDES,35299,C,35 D6,3,560,0,48.6355215,-1.8992959,2021,2021,2519,73,2.9,,,0,
16,3,349772.5135,347002.5796,6791550.2341,6791452.3784,0.0,0.0,N12,19625,22605,62,0,65,680,Permanent,3,Rennes - St Brieuc,"N12 OI-12 (PACE, Bel Air)",PACE,35210,6N,35 N12,63,900,0,48.1253302,-1.7252513,2021,2021,21318,3243,15.21,,,0,
17,5,349082.3231,347002.5796,6790368.0947,6791452.3784,0.0,0.0,N1012,0,2368,0,0,2,360,Permanent,3,Rennes - St Brieuc,"N1012 OI-11 a (PACE, Pont Lagot)",PACE,35210,6N,35 N1012,0,921,0,48.1225215,-1.7301993,2021,2021,41850,3949,9.44,,,0,
18,6,345540.3823,341014.4945,6792525.3277,6795322.841,0.0,0.0,N12,24436,29882,67,511,72,980,Permanent,3,Rennes - St Brieuc,N12 EX-OI (PONT DE PACE),PACE,35210,6N,35 N12,68,595,0,48.1410145,-1.7749071,2021,2021,58419,8203,14.04,,,0,
19,10,349188.2281,346176.4032,6789055.6746,6788422.1916,0.0,0.0,N24,0,3214,0,0,5,64,Permanent,3,Rennes - Lorient,"N24 OH-10_2 (LE RHEU, les 3 Marches)",VEZIN-LE-COQUET,35353,6N,35 N24,3,900,0,48.1045265,-1.7412495,2021,2021,32323,3232,10.0,,,0,
20,118,370856.5915,371455.0015,6807201.9129,6808746.0386,0.0,0.0,D23,16162,17889,16,23,17,768,Temporaire,3,D102 - D102,MEZIERE SUR COUESNON,MEZIERES-SUR-COUESNON,35178,C,35 D23,17,500,0,48.290997,-1.4341327,2021,2021,3379,119,3.52,,,0,
21,158,351536.8119,354587.3145,6794926.0706,6794528.3974,0.0,0.0,D29,6882,10117,7,63,10,291,Permanent,3,Pacé - Betton,D29_OL.OM,BETTON,35024,A,35 D29,8,550,0,48.1630404,-1.6700399,2021,2021,12294,639,5.2,,,0,
22,77,380244.9125,384703.8596,6826776.2436,6826556.638,0.0,0.0,D15,17546,22422,17,769,22,749,Temporaire,3,A84 - D798,MONTOURS,MONTOURS,35191,C,35 D15,21,500,0,48.4573378,-1.2804718,2021,2021,2489,270,10.83,,,0,
23,78,384703.8596,394033.3444,6826556.638,6828066.443,0.0,0.0,D15,22422,32770,22,749,33,385,Temporaire,3,D798 - D14,VILLAMEE,VILLAMEE,35357,C,35 D15,27,500,0,48.4611888,-1.2094469,2021,2021,2029,184,9.06,,,0,
24,109,349121.2486,349151.3,6788880.5854,6790831.466,0.0,0.0,N136,14112,16096,14,9,16,16,Permanent,3,Porte 10 - Porte 11,"N136_11_10 (RENNES, Champeau)",RENNES,35238,6N,35 N136,14,779,0,0.0,0.0,2021,2021,104579,9304,8.9,,,0,
25,193,347149.4043,348974.7212,6783425.7503,6782719.8714,0.0,0.0,D34,13193,15108,13,790,15,801,Permanent,3,Chavagne - Vern,D34_OE.OD,CHARTRES-DE-BRETAGNE,35066,A,35 D34,14,910,0,48.05324,-1.72551,2021,2021,20975,2998,14.29,,,0,
26,195,351181.5295,352535.332,6781428.391,6781797.4107,0.0,0.0,D34,17638,19053,18,679,20,355,Permanent,3,Chartres de B - Vern,D34_OB.OC,NOYAL-CHATILLON-SUR-SEICHE,35206,A,35 D34,19,800,0,48.04053,-1.67958,2021,2021,17386,1534,8.82,,,0,
27,241,322618.2551,323505.4813,6783856.3008,6784703.2197,0.0,0.0,D40,14508,15806,15,45,16,353,Temporaire,3,D61 - D36 D35 D6,ST PERAN,SAINT-PERAN,35305,C,35 D40,15,500,0,48.0472319,-2.0672826,2021,2021,2753,119,4.33,,,0,
28,348,327343.127,327353.969,6768276.866,6766296.5466,0.0,0.0,D65,8923,10911,8,824,10,864,Temporaire,3,D776 - D48,MAURE DE BRETAGNE,MAURE-DE-BRETAGNE,35168,C,35 D65,10,0,0,47.898168,-1.9901193,2021,2021,3159,208,6.57,,,0,
29,380,381233.5968,379637.4363,6819076.563,6829996.1654,0.0,0.0,A84,38559,49811,135,171,146,399,Permanent,3,Rennes - Caen,A84 30-31 LA JUTAIS (Montours),MONTOURS,35191,6N,35 A84,142,200,0,0.0,0.0,2021,2021,20459,3648,17.83,,,0,
30,388,363636.7081,365618.4152,6798561.9951,6800500.7812,0.0,0.0,A84,8415,11304,104,822,107,904,Permanent,3,Rennes - Caen,A84 26-27 LIFFRE,LIFFRE,35152,6N,35 A84,107,180,0,0.0,0.0,2021,2021,37220,5568,14.96,,,0,
31,394,332805.8534,333157.3077,6805808.5584,6801265.661,0.0,0.0,D72,0,4600,0,0,4,583,Temporaire,3,D21  - D28,BEDEE,BEDEE,35023,B,35 D72,2,500,0,48.2306702,-1.945903,2021,2021,4378,203,4.64,,,0,
32,355,355668.5396,357012.7561,6792284.6127,6793076.8903,0.0,0.0,N136,23453,25086,23,373,25,6,Permanent,3,Pt 15 D175 - Pt 16 A84,"N136 16-15 2 (BETTON, Calendou)",BETTON,35024,6N,35 N136,24,335,0,0.0,0.0,2021,2021,56925,6217,10.92,,,0,
33,366,372448.7018,381428.9464,6804728.2969,6812301.2688,0.0,0.0,A84,19554,31626,116,133,128,263,Permanent,3,Rennes - Caen,A84 28-29 LA MEULE (St Jean/Couesnon),SAINT-JEAN-SUR-COUESNON,35282,6N,35 A84,118,332,0,0.0,0.0,2021,2021,29392,4695,15.97,,,0,
34,321,353012.892,355668.5396,6792621.6801,6792284.6127,0.0,0.0,N136,20725,23453,20,645,23,373,Permanent,3,Pt 14 - Pt 15 D175,"N136 14-15 (ST GREGOIRE, Gayeule)",BETTON,35024,6N,35 N136,22,569,0,0.0,0.0,2021,2021,63631,7479,11.75,,,0,
35,334,336968.9145,337750.2642,6784634.4777,6783166.1267,0.0,0.0,D62,29988,31650,29,669,31,438,Temporaire,3,N24 - D36,BREAL SOUS MONTFORT,BREAL-SOUS-MONTFORT,35037,B,35 D62,30,0,0,48.0562418,-1.8716125,2021,2021,11424,475,4.16,,,0,
36,396,334365.3858,333008.396,6797749.5228,6793482.8686,0.0,0.0,D72,8761,14545,7,1234,12,686,Permanent,3,D31 N2012 - D62,D72.BEDEE,BEDEE,35023,B,35 D72,10,300,0,48.1576229,-1.9465247,2021,2021,10363,682,6.58,,,0,
37,405,337572.9688,336787.4813,6842374.4883,6840763.3616,0.0,0.0,D74,13799,15793,13,661,15,629,Permanent,3,Cancale - Chateauneuf,D74.ST.PERE,SAINT-PERE,35306,B,35 D74,14,790,0,48.57004,-1.91865,2021,2021,7339,561,7.64,,,0,
38,418,340052.2716,339305.7568,6849295.9022,6848394.0299,0.0,0.0,D76,5190,6461,4,1102,6,269,Temporaire,3,D155 - D376,ST MELOIR DES ONDES,SAINT-MELOIR-DES-ONDES,35299,B,35 D76,6,0,0,48.6366559,-1.8967209,2021,2021,6569,297,4.52,,,0,
39,438,351654.2801,351440.6265,6838822.9152,6838093.253,0.0,0.0,D80,6661,7391,6,652,7,396,Temporaire,3,N176 - D155,Dol de Bretagne,DOL-DE-BRETAGNE,35095,B,35 D80,7,340,0,48.5508263,-1.7249543,2021,2021,7130,441,6.19,,,0,
40,450,350897.94,350189.9617,6816755.1116,6810249.4565,0.0,0.0,D82,14450,21128,15,180,22,126,Permanent,3,D20 - D221,D82.DINGE,DINGE,35094,C,35 D82,17,425,0,48.3410826,-1.7180675,2021,2021,1314,89,6.76,,,0,
41,454,351398.299,351506.9648,6797763.3292,6794942.3035,0.0,0.0,D82,34227,37075,36,36,38,887,Permanent,3,Melesse - St Grégoire,D82_EX.OL,SAINT-GREGOIRE,35278,C,35 D82,38,75,0,48.16876,-1.69325,2021,2021,9976,546,5.47,,,0,
42,605,389740.7299,387533.0366,6782017.7466,6782440.4579,0.0,0.0,D110,13762,16070,13,779,16,115,Temporaire,3,D88 - D178,ARGENTRE DU PLESSIX,ARGENTRE-DU-PLESSIS,35006,C,35 D110,14,900,0,48.0646575,-1.1809277,2021,2021,5828,490,8.4,,,0,
43,610,394467.3639,390874.3528,6784294.9096,6781323.8659,0.0,0.0,D111,4719,9836,4,796,9,321,Temporaire,3,D857 - D33 D88,ARGENTRE DU PLESSIS,ARGENTRE-DU-PLESSIS,35006,C,35 D111,7,840,0,48.0637254,-1.1342358,2021,2021,2240,160,7.13,,,0,
44,689,376867.7214,376330.0917,6755171.9815,6757283.2808,0.0,0.0,D173,7390,9689,7,381,9,680,Permanent,3,Rennes - Angers,D173_MARTIGNE,MARTIGNE-FERCHAUD,35167,A,35 D173,9,54,9063,47.83051,-1.32804,2021,2021,9587,1977,20.63,,,0,
45,691,375719.3651,371797.4276,6759757.3034,6765375.7624,0.0,0.0,D173,12278,19660,12,218,19,588,Permanent,3,Angers - Rennes,D173_RETIERS,COESMES,35082,A,35 D173,15,570,6246,47.8807801,-1.3636768,2021,2021,8866,1784,20.12,,,0,
46,692,371797.4276,365524.3623,6765375.7624,6770432.7468,0.0,0.0,D173,19660,27874,19,588,27,779,Permanent,3,D99 - D777,D173_ESSE,ESSE,35108,A,35 D173,26,765,17418,47.94474,-1.47083,2021,2021,14008,2263,16.16,,,0,
47,697,355206.0501,354472.85,6785443.4793,6786137.317,0.0,0.0,D173,47859,48845,47,743,48,729,Permanent,3,Janzé - Rennes,D173_05.OA_1,CHANTEPIE,35055,A,35 D173,48,120,0,48.0803,-1.63633,2021,2021,37331,3827,10.25,,,0,
48,698,370103.1381,368823.9431,6830218.1375,6826926.238,0.0,0.0,D175,0,3549,0,0,3,625,Temporaire,3,Dép.50 - D489,ANTRAIN,ANTRAIN,35004,A,35 D175,0,700,0,48.4715158,-1.4754803,2021,2021,1638,108,6.59,,,0,
49,699,368825.2337,369284.8687,6826905.5131,6825817.298,0.0,0.0,D175,3549,4690,3,625,4,767,Temporaire,3,D489 - D155 D296,ANTRAIN (Hopital),ANTRAIN,35004,A,35 D175,4,200,0,48.4539646,-1.478816,2021,2021,2435,138,5.68,,,0,
50,701,367395.3948,364810.234,6818098.8218,6812962.756,0.0,0.0,D175,12890,18903,12,832,19,174,Temporaire,3,D211 - D794,SENS DE BRETAGNE,SENS-DE-BRETAGNE,35326,A,35 D175,14,500,0,48.3662723,-1.5027541,2021,2021,2999,276,9.2,,,0,
51,702,364810.234,360559.3437,6812962.756,6808682.6078,0.0,0.0,D175,18903,25172,19,174,25,431,Temporaire,3,D794 - D23,SENS DE BRETAGNE,SENS-DE-BRETAGNE,35326,A,35 D175,21,0,0,48.3146974,-1.5360564,2021,2021,6391,390,6.1,,,0,
52,706,356288.1692,355982.3491,6793870.1119,6792403.2343,0.0,0.0,D175,41912,43461,42,13,43,466,Permanent,3,Betton - Rennes,D175_ON.15,RENNES,35238,A,35 D175,42,895,0,48.14607,-1.62496,2021,2021,19349,1402,7.25,,,0,
53,708,398124.5373,395362.0869,6831214.8612,6828098.0851,0.0,0.0,D177,0,4251,0,0,4,229,Temporaire,3,Dép. 50 - D14,LOUVIGNE DU DESERT,LOUVIGNE-DU-DESERT,35162,B,35 D177,2,0,0,48.4993597,-1.1011374,2021,2021,2743,269,9.79,,,0,
54,634,316146.9311,323648.2392,6799984.1778,6797196.3077,0.0,0.0,D125,4148,12495,3,971,12,485,Temporaire,3,D166 - D71,BOISGERVILLY,BOISGERVILLY,35027,C,35 D125,8,0,0,48.1728899,-2.1225333,2021,2021,1752,93,5.29,,,0,
55,635,323648.2392,336569.291,6797196.3077,6793877.397,0.0,0.0,D125,12495,26430,12,485,26,398,Temporaire,3,D71 - Lim. Rennes Métro,ST UNIAC,SAINT-UNIAC,35320,C,35 D125,16,0,0,48.1578169,-2.0225769,2021,2021,2344,68,2.91,,,0,
56,647,350725.3372,349395.215,6793593.5458,6797516.4661,0.0,0.0,D137,1061,5231,52,1061,56,902,Permanent,3,Rennes - St Malo,D137_EX.OK,MONTGERMONT,35189,A,35 D137,54,485,0,48.16354,-1.70895,2021,2021,53185,3913,7.36,,,0,
57,649,348744.7145,344145.3827,6799450.5981,6808846.0153,0.0,0.0,D137,7313,17965,58,985,70,11,Permanent,3,Rennes - St Malo,D137_LA_MEZIERE,LA MEZIERE,35177,A,35 D137,63,355,0,48.2338184,-1.7575052,2021,2021,37961,2459,6.48,,,0,
58,650,344145.3827,336795.1326,6808846.0153,6825400.4811,0.0,0.0,D137,17965,36952,70,11,88,998,Permanent,3,Rennes - St Malo,D137_ST_ DOMIN,SAINT-DOMINEUC,35265,A,35 D137,79,730,0,48.35421,-1.86677,2021,2021,29805,2306,7.74,,,0,
59,651,336795.1326,337105.0887,6825400.4811,6837682.538,0.0,0.0,D137,36952,49798,88,998,101,285,Permanent,3,Rennes - St Malo,D137_ROCHAMBAU,SAINT-PIERRE-DE-PLESGUEN,35308,A,35 D137,94,885,0,48.48138,-1.90941,2021,2021,27312,2589,9.48,,,0,
60,654,333710.5595,332273.9267,6845130.6371,6847302.458,0.0,0.0,D137,58480,61150,110,425,113,190,Permanent,3,Rennes - St Malo,D137_ST_JOUAN,SAINT-JOUAN-DES-GUERETS,35284,A,35 D137,111,485,0,48.61007,-1.98043,2021,2021,43180,2862,6.63,,,0,
61,655,388321.1005,387003.3121,6815218.1468,6815391.76,0.0,0.0,D155,0,1404,0,0,2,308,Temporaire,3,D798 - D706,ROMAGNE,LECOUSSE,35150,B,35 D155,2,0,0,48.3618672,-1.2246979,2021,2021,10924,498,4.56,,,0,
62,660,369124.8661,367898.2251,6826055.0713,6827024.8299,0.0,0.0,D155,23837,25410,24,615,25,786,Temporaire,3,D175 - D155 D313,ANTRAIN (déviation),ANTRAIN,35004,B,35 D155,25,0,0,0.0,0.0,2021,2021,2843,309,10.86,,,0,
63,663,355913.3526,351457.0939,6833768.5307,6838065.9495,0.0,0.0,D155,40071,46414,42,40,48,485,Temporaire,3,D4 - D80,BAGUER- PICAN,BAGUER-PICAN,35010,B,35 D155,46,0,0,0.0,0.0,2021,2021,3588,233,6.49,,,0,
64,675,318363.0809,318889.5201,6739924.0617,6741798.2135,0.0,0.0,D164,242,2384,0,242,2,163,Temporaire,3,D775 - D873,REDON,REDON,35236,C,35 D164,2,0,0,47.6632295,-2.0830368,2021,2021,4082,49,1.19,,,0,
65,681,316034.2989,316753.2901,6804958.6432,6807423.5828,0.0,0.0,D166,16946,19564,15,742,18,348,Temporaire,3,D220 - Dép. 22,QUEDILLAC,QUEDILLAC,35234,B,35 D166,17,750,0,48.2460822,-2.1673226,2021,2021,3820,469,12.28,,,0,
66,683,326620.1055,327849.7678,6846553.0182,6846689.1123,0.0,0.0,D168,4764,6094,4,709,6,0,Permanent,3,D603 - D3266,D168_DINARD,PLEURTUIT,35228,A,35 D168,5,0,0,48.6128151,-2.0660962,2021,2021,22514,1308,5.81,,,0,
67,684,327849.7678,328753.9722,6846689.1123,6846674.3604,0.0,0.0,D168,6094,7016,6,0,6,922,Permanent,3,Ploubalay - St Malo,D168_LA_MARRE,DINARD,35093,A,35 D168,6,450,0,0.0,0.0,2021,2021,29579,1035,3.5,,,0,
68,685,328753.9722,329560.2044,6846674.3604,6847008.2796,0.0,0.0,D168,7016,7973,6,922,7,880,Permanent,3,Ploubalay - St Malo,D168_LA_RICHARDAIS,LA RICHARDAIS,35241,A,35 D168,7,340,0,48.6140702,-2.034129,2021,2021,32266,1030,3.19,,,0,
69,768,320767.1485,319483.3905,6779487.2089,6778885.6033,0.0,0.0,D224,17005,18448,17,246,18,692,Temporaire,3,D61 - D38,PLELAN (ex RN24),PLELAN-LE-GRAND,35223,C,35 D224,17,400,0,48.0057708,-2.0889096,2021,2021,6885,316,4.59,,,0,
70,780,351458.6469,355841.5189,6769212.1056,6765125.0656,0.0,0.0,D247,0,7739,0,0,8,442,Temporaire,3,N137 - D777,POLIGNE,POLIGNE,35231,B,35 D247,3,0,0,47.9146792,-1.6689275,2021,2021,1988,127,6.37,,,0,
71,820,343270.6679,344408.1906,6786059.0377,6784129.3388,0.0,0.0,D288,6940,9165,7,192,9,508,Permanent,3,Pacé - Chavagne,D288_OH.OF (Chavagne),CHAVAGNE,35076,A,35 D288,8,100,0,48.07138,-1.78772,2021,2021,8581,1211,14.11,,,0,
72,712,347818.4689,344379.8176,6783434.8895,6780239.5406,0.0,0.0,D177,22569,27639,27,1029,33,75,Permanent,3,Rennes - Redon,D177_EX.OE,BRUZ,35047,A,35 D177,29,0,0,48.05248,-1.74264,2021,2021,32074,1840,5.74,,,0,
73,715,338021.2123,332156.5726,6769305.2656,6757807.9124,0.0,0.0,D177,41248,54939,46,528,60,173,Permanent,3,Rennes - Redon,D177_LIEURON,LIEURON,35151,A,35 D177,56,845,0,47.84514,-1.9026,2021,2021,9346,922,9.87,,,0,
74,717,330966.9735,326948.8759,6753293.5755,6746785.674,0.0,0.0,D177,59748,67612,65,0,72,840,Permanent,3,Rennes - Redon,D177_PIPRIAC bis,PIPRIAC,35219,A,35 D177,65,0,59748,47.7756169,-1.9314989,2021,2021,7237,706,9.76,,,0,
75,718,326948.8759,320242.0874,6746785.674,6743077.4114,0.0,0.0,D177,67612,75824,72,840,80,846,Permanent,3,Rennes - Redon,D177_STE_MARIE,SAINTE-MARIE,35294,A,35 D177,75,660,0,47.70278,-2.01123,2021,2021,9717,952,9.8,,,0,
76,722,388949.2739,386954.4613,6793868.5817,6790176.748,0.0,0.0,D178,12829,17070,12,770,17,134,Temporaire,3,DEBUT 2X2 - D179,BALAZE,BALAZE,35015,B,35 D178,15,0,0,48.1527661,-1.1955223,2021,2021,6911,572,8.27,,,0,
77,730,382588.9975,376254.3454,6766636.0815,6757607.2547,0.0,0.0,D178,44853,56982,45,677,57,658,Temporaire,3,D241 - D94,RANNEE,RANNEE,35235,B,35 D178,51,0,0,47.8765381,-1.2678978,2021,2021,2059,445,21.6,,,0,
78,731,376706.7332,375177.8232,6755499.8995,6752817.5127,0.0,0.0,D178,56982,60152,57,658,63,284,Temporaire,3,D94 - Dép. 44,MARTIGNE- FERCHAUD,MARTIGNE-FERCHAUD,35167,B,35 D178,61,0,0,47.8133879,-1.3279257,2021,2021,3556,531,14.93,,,0,
79,739,332225.5092,338074.2325,6851322.1918,6854514.0569,0.0,0.0,D201,1358,10288,1,182,10,425,Permanent,3,D155 - D74,D201.ROTHENEUF,SAINT-COULOMB,35263,D,35 D201,5,660,0,48.680104,-1.9620464,2021,2021,2345,177,7.55,,,0,
80,926,324213.38,320410.2978,6768079.241,6769147.9659,0.0,0.0,D772,44227,48241,44,892,48,842,Temporaire,3,D776 - Limite Dép.56,MAURE DE BRETAGNE,MAURE-DE-BRETAGNE,35168,B,35 D772,46,800,0,47.9092156,-2.0611871,2021,2021,3670,237,6.47,,,0,
81,872,372283.7226,364628.7874,6778320.3979,6780400.043,0.0,0.0,D463,21875,30845,22,742,31,60,Permanent,3,La Guerche - Rennes,D463_BALLON,PIRE-SUR-SEICHE,35220,C,35 D463,23,20,0,48.02449,-1.4009,2021,2021,3104,365,11.76,,,0,
82,1017,356497.6216,353783.9695,6799542.396,6792636.7635,0.0,0.0,C212,0,7700,0,0,0,7700,Permanent,3,Betton - Rennes,C3175_OM.14,BETTON,35024,D,35 C212,0,5882,5882,48.15765,-1.64984,2021,2021,6272,246,3.93,,,0,
83,1019,343427.9573,343598.4373,6855955.6391,6856175.1881,0.0,0.0,C666,0,280,0,0,0,280,Permanent,3,RD201 - Pointe Grouin,C666.GROUIN (Pointe du),CANCALE,35049,,35 C666,0,140,0,48.70591,-1.84772,2021,2021,1627,19,1.14,,,0,
84,375,381428.9464,381233.5968,6812301.2688,6819076.563,0.0,0.0,A84,31626,38559,128,263,135,171,Permanent,3,Rennes - Caen,A84 30-29 ESSART (St Etienne en Cogles),SAINT-ETIENNE-EN-COGLES,35267,6N,35 A84,134,935,0,0.0,0.0,2021,2021,20619,3505,17.0,,,0,
85,358,358092.8464,363636.7081,6793509.6853,6798561.9951,0.0,0.0,A84,728,8415,96,575,104,822,Permanent,3,Rennes - Caen,A84 EX-16 (THORIGNE),THORIGNE-FOUILLARD,35334,6N,35 A84,98,705,0,0.0,0.0,2021,2021,38930,4599,11.81,,,0,
86,385,365618.4152,372448.7018,6800500.7812,6804728.2969,0.0,0.0,A84,11304,19554,107,904,116,133,Permanent,3,Rennes - Caen,A84 27-28 GOSNE,GOSNE,35121,6N,35 A84,111,200,0,0.0,0.0,2021,2021,32260,3749,11.62,,,0,
87,1004,385234.7668,375400.9092,6788695.1097,6788568.4895,0.0,0.0,D857,14685,24704,15,5,25,84,Temporaire,3,D178 - D105,POCE LES BOIS,POCE-LES-BOIS,35229,C,35 D857,19,0,0,48.1197742,-1.2845793,2021,2021,4611,169,3.66,,,0,
88,1007,317375.0558,318701.4724,6749765.5099,6746545.9195,0.0,0.0,D873,0,3655,0,0,3,593,Permanent,3,La Gacilly - Redon,D873_OUST,BAINS-SUR-OUST,35013,C,35 D873,1,520,0,47.72449,-2.10262,2021,2021,5211,370,7.09,,,0,
89,937,327323.4566,324213.38,6768297.6432,6768079.241,0.0,0.0,D776,19990,23168,20,925,24,137,Temporaire,3,D65 - D772,MAURE DE BRETAGNE,MAURE-DE-BRETAGNE,35168,B,35 D776,21,300,0,47.9086402,-1.9959558,2021,2021,2430,206,8.47,,,0,
90,940,386471.7215,381892.3549,6787238.2145,6783388.7184,0.0,0.0,D777,12970,19231,13,70,19,670,Permanent,3,Vitré - RN157,D777_ETRELLES,VITRE,35360,B,35 D777,18,0,0,48.08071,-1.24998,2021,2021,9557,909,9.51,,,0,
91,945,365277.3297,365259.4432,6772537.5373,6770454.5403,0.0,0.0,D777,40411,42504,39,947,41,1037,Temporaire,3,D777 - D41,Déviation Est de JANZE,JANZE,35136,B,35 D777,41,0,0,47.9561681,-1.4847408,2021,2021,4801,506,10.54,,,0,
92,950,337900.8098,332007.2061,6758313.4418,6757556.4896,0.0,0.0,D777,63524,69593,60,2531,66,155,Temporaire,3,D77 D772 - D177,GUIPRY,GUIPRY,35129,B,35 D777,63,0,0,47.8237784,-1.8753347,2021,2021,2803,226,8.06,,,0,
93,953,319777.8427,316096.9433,6753969.9714,6752569.5564,0.0,0.0,D777,82588,86670,78,930,82,1023,Temporaire,3,D55 - Dép. 56,SIXT SUR AFF,SIXT-SUR-AFF,35328,B,35 D777,81,0,0,47.769636,-2.0988218,2021,2021,3671,244,6.66,,,0,
94,956,385745.6409,383755.2048,6789777.5695,6791318.2438,0.0,0.0,D794,0,2550,0,0,3,250,Temporaire,3,D178 - D305,VITRE,VITRE,35360,B,35 D794,1,100,0,48.1337974,-1.2296779,2021,2021,6111,342,5.59,,,0,
95,960,372672.6622,371119.3404,6804524.5411,6807522.867,0.0,0.0,D794,21163,24737,22,423,25,684,Permanent,3,St Aubin du Cormier- Sens de Bg,D794_GIRANDAIS,MEZIERES-SUR-COUESNON,35178,B,35 D794,24,565,0,48.27755,-1.42529,2021,2021,4368,345,7.91,,,0,
96,963,361676.5677,356017.6043,6817436.7101,6820578.9561,0.0,0.0,D794,39257,45872,40,244,46,736,Temporaire,3,D90 - D87,MARCILLE- RAOUL,MARCILLE-RAOUL,35164,B,35 D794,42,0,0,48.3774581,-1.5863209,2021,2021,2016,137,6.81,,,0,
97,966,336979.8127,334066.3889,6825470.6874,6826692.4742,0.0,0.0,D794,66239,69495,67,250,70,456,Permanent,3,Combourg - Dinan,D794_PLESDER,PLERGUER,35224,B,35 D794,69,465,0,48.43517,-1.9378,2021,2021,6121,246,4.02,,,0,
98,985,388441.7245,387387.7157,6815776.0114,6822080.0812,0.0,0.0,D798,17019,23836,19,272,25,832,Temporaire,3,D806 - D19,ST GERMAIN EN COGLES,SAINT-GERMAIN-EN-COGLES,35273,C,35 D798,23,0,0,48.3990768,-1.2233029,2021,2021,2577,153,5.92,,,0,
99,553,372543.2448,371454.8287,6812726.7615,6808754.429,0.0,0.0,D102,20603,25225,20,452,25,76,Temporaire,3,D20 - D23,MEZIERE SUR COUESNON,MEZIERES-SUR-COUESNON,35178,C,35 D102,24,0,0,48.3059953,-1.4325528,2021,2021,2377,81,3.4,,,0,
100,852,356001.7676,357056.0159,6792276.5601,6788032.9877,0.0,0.0,C300,0,4370,0,0,0,4370,Permanent,3,Betton - Chantepie,C386_03.OQ,CESSON-SEVIGNE,35051,A,35 C300,0,3825,0,48.10548,-1.61526,2021,2021,22769,2166,9.51,,,0,
101,1018,332560.7933,334405.1077,6847505.4827,6851228.371,0.0,0.0,C301,0,4577,0,0,0,4577,Permanent,3,D137 - D155 D355,C301.G.DE.GAULLE,SAINT-MALO,35288,,35 C301,0,700,0,48.6308866,-1.9891315,2021,2021,23858,999,4.19,,,0,
102,29,332211.0944,330268.471,6847342.8421,6850685.8876,0.0,0.0,C584,0,5055,0,0,0,5055,Permanent,3,Rennes - St Malo,C584.PATTON,SAINT-MALO,35288,,35 C584,0,80,0,48.622067,-1.9941732,2021,2021,16554,880,5.32,,,0,
103,642,319728.3522,318630.5384,6741699.8423,6740864.3368,0.0,0.0,D128,897,2295,0,897,2,397,Temporaire,3,D67 - D164,REDON,REDON,35236,C,35 D128,2,0,0,47.6609534,-2.0769858,2021,2021,8408,112,1.33,,,0,
104,652,337105.0888,336764.8531,6837682.538,6840472.5751,0.0,0.0,D137,49798,52735,101,285,104,339,Permanent,3,Rennes - St Malo,D137.CHATEAUNEUF,CHATEAUNEUF-D'ILLE-ET-VILAINE,35070,A,35 D137,103,750,0,48.55766,-1.92939,2021,2021,43042,2443,5.68,,,0,
105,653,336764.8531,333710.5595,6840472.5751,6845130.6371,0.0,0.0,D137,52735,58480,104,339,110,425,Permanent,3,Rennes - St Malo,D137.COUAILLE,SAINT-PERE,35306,A,35 D137,108,922,0,48.59241,-1.96049,2021,2021,40440,2971,7.35,,,0,
106,646,350922.1977,350725.3372,6792561.968,6793593.5458,0.0,0.0,D137,0,1061,52,0,52,1061,Permanent,3,Rennes - St Malo,D137_OK13 (Montgermont),MONTGERMONT,35189,A,35 D137,52,579,0,48.14472,-1.69869,2021,2021,60991,2003,3.28,,,0,
107,648,349395.215,348744.7145,6797516.4661,6799450.5981,0.0,0.0,D137,5231,7313,56,902,58,985,Permanent,3,Rennes - St Malo,D137_MELESSE,MELESSE,35173,A,35 D137,57,525,0,48.18929,-1.72177,2021,2021,46311,3644,7.87,,,0,
108,659,370225.6838,369284.8687,6823457.4644,6825817.298,0.0,0.0,D155,21241,23837,22,112,24,615,Temporaire,3,D796 - D175,ANTRAIN,ANTRAIN,35004,B,35 D155,23,500,0,0.0,0.0,2021,2021,2821,308,10.91,,,0,
109,670,336265.6396,331250.6764,6850532.3276,6851025.1285,0.0,0.0,D155,70225,75492,71,673,77,105,Permanent,3,D6 - N137,D155.LA.FONTAINE,SAINT-MALO,35288,D,35 D155,73,500,0,48.6581168,-1.9652988,2021,2021,7024,412,5.86,,,0,
110,661,367898.2251,361292.7052,6827024.8299,6831622.8328,0.0,0.0,D155,25410,34035,25,786,35,640,Temporaire,3,D155 D313 - D90,BAZOUGES LA PEROUSE,BAZOUGES-LA-PEROUSE,35019,B,35 D155,30,0,0,0.0,0.0,2021,2021,1811,200,11.06,,,0,
111,662,361292.7052,355913.3526,6831622.8328,6833768.5307,0.0,0.0,D155,34035,40071,35,640,42,40,Temporaire,3,D90 - D4,LA BOUSSAC,LA BOUSSAC,35034,B,35 D155,40,500,0,0.0,0.0,2021,2021,2202,192,8.74,,,0,
112,667,348155.3402,342749.1125,6844273.3588,6846399.1078,0.0,0.0,D155,55914,61828,56,728,62,111,Permanent,3,Mont Saint Michel - St Malo,D155_ST_BENOIT,SAINT-BENOIT-DES-ONDES,35255,C,35 D155,61,680,0,48.61634,-1.84569,2021,2021,7693,585,7.6,,,0,
113,658,376504.7733,370225.6838,6819969.5449,6823457.4644,0.0,0.0,D155,13420,21241,14,588,22,112,Temporaire,3,D102 - D796,ST BRICE EN COGLES,TREMBLAY,35341,B,35 D155,17,0,0,0.0,0.0,2021,2021,4419,341,7.72,,,0,
114,657,380985.3092,376559.9137,6819466.944,6819913.1986,0.0,0.0,D155,8724,13420,9,899,14,588,Temporaire,3,A84 - D102,Déviation Sud ST BRICE EN COGLES,SAINT-BRICE-EN-COGLES,35257,B,35 D155,11,700,0,0.0,0.0,2021,2021,4212,468,11.11,,,0,
115,656,386966.9019,381044.3964,6815429.168,6819474.494,0.0,0.0,D155,1404,8724,2,308,9,899,Permanent,3,D105 - A84,D155.ROMAGNE,SAINT-GERMAIN-EN-COGLES,35273,C,35 D155,4,75,0,48.3726724,-1.2446968,2021,2021,8236,952,11.56,,,0,
116,694,361159.9126,357905.7208,6773489.6763,6775435.3401,0.0,0.0,D173,33528,37400,33,411,37,278,Permanent,3,Angers - Rennes,D173_CORPS_NUDS (Rennes Métro.),CORPS-NUDS,35088,A,35 D173,33,800,24448,47.97594,-1.54862,2021,2021,20160,2162,10.72,,,0,
117,92,332634.5877,334000.1584,6810478.721,6811450.2478,0.0,0.0,D20,2752,4531,2,716,4,495,Temporaire,3,D70 - D68,BECHEREL,BECHEREL,35022,B,35 D20,3,0,0,48.2921151,-1.9541835,2021,2021,4927,300,6.08,,,0,
118,693,365524.3623,361159.9126,6770432.7468,6773489.6763,0.0,0.0,D173,27874,33528,27,779,33,411,Permanent,3,Angers - Rennes,D173_CORPS_NUDS,CORPS-NUDS,35088,A,35 D173,33,800,30236,47.97594,-1.54862,2021,2021,20160,2162,10.72,,,0,
119,703,360559.3437,358679.4554,6808682.6078,6805246.1004,0.0,0.0,D175,25172,29723,25,431,29,935,Permanent,3,Antrain - Rennes,D175_NEUVILLE,ANDOUILLE-NEUVILLE,35003,A,35 D175,26,500,0,48.2858142,-1.5914305,2021,2021,6078,575,9.46,,,0,
120,742,342389.5174,342028.322,6853043.8068,6852376.0819,0.0,0.0,D201,20860,21597,20,861,21,553,Temporaire,3,D355 - D76,CANCALE,CANCALE,35049,B,35 D201,21,0,0,48.6771507,-1.8617925,2021,2021,5849,197,3.36,,,0,
121,738,331133.6093,331486.323,6846907.9414,6848082.4801,0.0,0.0,D201,0,1358,0,0,1,182,Permanent,3,D168 - N137,D201.ST.SERVAN,SAINT-MALO,35288,D,35 D201,0,230,0,48.6190476,-2.0042636,2021,2021,11355,266,2.35,,,0,
122,704,358679.4554,356837.9549,6805246.1004,6799298.8941,0.0,0.0,D175,29723,36446,29,935,36,537,Temporaire,3,D106 - D25,ST AUBIN D'AUBIGNE,SAINT-AUBIN-D'AUBIGNE,35251,A,35 D175,32,900,0,48.2363089,-1.6214659,2021,2021,12444,544,4.37,,,0,
123,705,356837.9549,356258.7019,6799298.8941,6793951.9063,0.0,0.0,D175,36446,41912,36,537,42,13,Permanent,3,Betton - Rennes,D175_EX.ON,BETTON,35024,A,35 D175,41,360,0,48.16109,-1.62623,2021,2021,15389,1034,6.72,,,0,
124,700,369284.8687,367395.3948,6825817.298,6818098.8218,0.0,0.0,D175,4690,12890,4,767,12,832,Permanent,3,Antrain - Rennes,D175.TREMBLAY,TREMBLAY,35341,A,35 D175,6,745,0,48.43182,-1.47396,2021,2021,2600,245,9.44,,,0,
125,710,392955.2565,390148.9972,6820915.711,6815502.039,0.0,0.0,D177,11931,18070,11,891,18,34,Temporaire,3,D19 - D108,LANDEAN,LANDEAN,35142,B,35 D177,14,0,0,48.4028419,-1.1577832,2021,2021,6137,379,6.17,,,0,
126,716,332156.5726,330966.9735,6757807.9124,6753293.5755,0.0,0.0,D177,54939,59748,60,173,65,0,Permanent,3,Rennes - Redon,D177_PIPRIAC,PIPRIAC,35219,A,35 D177,65,0,59748,47.7756169,-1.9314989,2021,2021,7237,707,9.76,,,0,
127,714,341011.8477,338021.2123,6775068.9499,6769305.2656,0.0,0.0,D177,34427,41248,39,767,46,528,Permanent,3,D38 - D48,D177_GUICHEN,GUICHEN,35126,A,35 D177,43,160,0,47.94769,-1.8236,2021,2021,15330,1550,10.11,,,0,
128,713,344379.8176,341011.8477,6780239.5406,6775068.9499,0.0,0.0,D177,27639,34427,33,75,39,767,Permanent,3,Rennes - Redon,D177_GOVEN,GOVEN,35123,A,35 D177,36,320,0,48.0077999,-1.8066183,2021,2021,23700,1534,6.47,,,0,
129,711,349949.215,347818.4689,6787171.2064,6783434.8895,0.0,0.0,D177,18070,22569,18,34,27,1029,Permanent,3,Rennes - Redon,D177_08.OE_1,SAINT-JACQUES-DE-LA-LANDE,35281,A,35 D177,26,912,0,48.06275,-1.71942,2021,2021,23963,1408,5.87,,,0,
130,719,320242.0874,321332.007,6743077.4114,6740898.453,0.0,0.0,D177,75824,78347,80,846,83,542,Permanent,3,Gir177 - Dép44,D177_REDON,REDON,35236,A,35 D177,82,500,0,47.6636493,-2.0542903,2021,2021,10113,1112,11.0,,,0,
131,709,395362.0869,392955.2565,6828098.0851,6820915.711,0.0,0.0,D177,4251,11931,4,229,11,891,Temporaire,3,D14 - D19,LANDEAN,LANDEAN,35142,B,35 D177,10,0,0,48.434628,-1.1419904,2021,2021,3578,277,7.75,,,0,
132,729,382770.2124,382591.8179,6769118.8779,6766677.3299,0.0,0.0,D178,42307,44853,43,368,45,677,Temporaire,3,D43 - D47,LA GUERCHE DE BRETAGNE,LA GUERCHE-DE-BRETAGNE,35125,B,35 D178,44,0,0,47.9391694,-1.2489619,2021,2021,3998,714,17.87,,,0,
133,726,387290.1157,386862.372,6781377.8589,6775575.3668,0.0,0.0,D178,27651,33542,28,797,34,795,Permanent,3,Vitré - La Guerche de B.,D178_DOMALAIN,DOMALAIN,35097,B,35 D178,33,50,0,48.0429373,-1.2007769,2021,2021,6161,920,14.93,,,0,
134,727,386862.372,386075.6466,6775575.3668,6771015.5835,0.0,0.0,D178,33542,38261,34,795,39,573,Temporaire,3,D37 - D106,MOUTIERS,MOUTIERS,35200,B,35 D178,38,0,0,47.9779458,-1.2030641,2021,2021,5146,669,13.0,,,0,
135,687,331022.4058,332442.3642,6846844.9196,6847218.1203,0.0,0.0,D168,9894,11452,9,799,11,333,Permanent,3,Ploubalay - St Malo,D168_BEAUGEARD,SAINT-MALO,35288,A,35 D168,10,95,10190,0.0,0.0,2021,2021,24080,1078,4.48,,,0,
136,728,386075.6466,382802.8703,6771015.5835,6769161.9568,0.0,0.0,D178,38261,42307,39,573,43,368,Temporaire,3,D106 - D43,MOUTIERS,MOUTIERS,35200,B,35 D178,41,0,0,47.9542683,-1.217312,2021,2021,5178,654,12.64,,,0,
137,720,392166.6113,391163.9634,6805509.4568,6799739.5075,0.0,0.0,D178,0,6243,0,0,6,286,Temporaire,3,D798 - D209,CHATILLON EN VENDELAIS,CHATILLON-EN-VENDELAIS,35072,B,35 D178,3,500,0,48.2527784,-1.1434082,2021,2021,2724,332,12.17,,,0,
138,696,356830.6283,355250.3721,6781638.9045,6785392.3448,0.0,0.0,D173,43801,47859,43,685,47,743,Permanent,3,Janzé - Rennes,D173_05.OA_2,VERN-SUR-SEICHE,35352,A,35 D173,46,655,0,48.06977,-1.62343,2021,2021,32946,3440,10.44,,,0,
139,688,382267.9117,376867.7214,6750621.894,6755171.9815,0.0,0.0,D173,0,7390,0,0,7,381,Permanent,3,Angers - Rennes,D173_ST_MORAND,MARTIGNE-FERCHAUD,35167,A,35 D173,6,738,0,47.8135897,-1.3135362,2021,2021,6867,1381,20.11,,,0,
140,724,386932.0291,387500.6346,6787229.6535,6782470.7865,0.0,0.0,D178,21920,26631,22,353,27,663,Temporaire,3,D8572 - D110,VITRE,VITRE,35360,B,35 D178,25,0,0,48.0934545,-1.2054737,2021,2021,9286,748,8.06,,,0,
141,723,386921.9119,386909.6911,6790156.7312,6787246.6408,0.0,0.0,D178,17070,21920,17,134,22,353,Permanent,3,RD857 - RD777,D178_POCE,POCE-LES-BOIS,35229,B,35 D178,20,25,0,48.11986,-1.23253,2021,2021,14880,1679,11.28,,,0,
142,690,376330.0917,375719.3651,6757283.2808,6759757.3034,0.0,0.0,D173,9689,12278,9,680,12,218,Permanent,3,Angers - Rennes,D173_RETIERS bis,COESMES,35082,A,35 D173,15,570,6246,47.8807801,-1.3636768,2021,2021,8866,1784,20.12,,,0,
143,721,391168.08,388949.2739,6799745.172,6793868.5817,0.0,0.0,D178,6236,12829,6,279,12,770,Temporaire,3,D209 - DEBUT 2X2,BALAZE,BALAZE,35015,B,35 D178,9,360,0,48.2005001,-1.1817894,2021,2021,5083,568,11.17,,,0,
144,695,357905.7208,356847.0906,6775435.3401,6781573.8267,0.0,0.0,D173,37400,43801,37,278,43,685,Permanent,3,Janzé - Rennes,D173_EX.OA,VERN-SUR-SEICHE,35352,A,35 D173,43,77,0,48.03964,-1.60368,2021,2021,27068,2903,10.73,,,0,
145,795,326945.2357,326465.0841,6846791.9658,6844480.7142,0.0,0.0,D266,1491,3620,2,1061,4,886,Temporaire,3,D168 - D64,PLEURTUIT,PLEURTUIT,35228,B,35 D266,4,0,0,48.5854116,-2.0696274,2021,2021,12145,393,3.24,,,0,
146,796,326465.0841,326362.0646,6844480.7142,6841939.5929,0.0,0.0,D266,3620,6424,4,886,7,600,Permanent,3,Dinard - Dinan,D266.PLEURTUIT,PLEURTUIT,35228,B,35 D266,7,560,0,48.56992,-2.06843,2021,2021,9064,482,5.31,,,0,
147,819,344967.3614,343244.0462,6790810.6662,6786134.337,0.0,0.0,D288,1889,6940,1,888,7,192,Permanent,3,Pacé - Chavagne,D288_OI.OH (Le Rheu),LE RHEU,35240,A,35 D288,3,800,0,48.10555,-1.77943,2021,2021,15430,1623,10.52,,,0,
148,850,333890.5863,336342.4882,6838192.8639,6840085.5979,0.0,0.0,D366,1063,4387,0,1063,4,226,Temporaire,3,Dép.22 - D74,LA VILLE ES NONAIS,LA VILLE-ES-NONAIS,35358,C,35 D366,1,0,0,0.0,0.0,2021,2021,2052,50,2.42,,,0,
149,156,345335.2959,350600.1775,6792722.6803,6794232.6071,0.0,0.0,D29,0,5742,0,0,5,798,Permanent,3,Pacé - St Grégoire,D29_OI.OJ,MONTGERMONT,35189,A,35 D29,4,900,0,48.1506967,-1.7115576,2021,2021,16688,756,4.53,,,0,
150,157,350639.8044,351489.7402,6794266.795,6794913.4637,0.0,0.0,D29,5742,6882,5,798,7,63,Permanent,3,Pacé - Betton,D29_OL.OK,SAINT-GREGOIRE,35278,A,35 D29,6,380,0,48.1583565,-1.6974307,2021,2021,18360,844,4.6,,,0,
151,159,354587.3145,356239.7407,6794528.3974,6793909.0017,0.0,0.0,D29,10117,11854,10,291,13,124,Permanent,3,Pacé - St Sulpice,D29_ON.OM,BETTON,35024,A,35 D29,12,420,0,48.1553336,-1.6300426,2021,2021,12880,627,4.87,,,0,
152,192,344398.7382,347149.4043,6784082.4907,6783425.7503,0.0,0.0,D34,10275,13193,10,367,13,790,Permanent,3,Chavagne - Vern,D34_OF.OE,BRUZ,35047,A,35 D34,13,460,0,48.05742,-1.7429,2021,2021,14727,1961,13.32,,,0,
153,194,348974.7212,351181.5295,6782719.8714,6781428.391,0.0,0.0,D34,15108,17638,15,801,18,679,Permanent,3,Chartres de B - vern,D34_OC.OD,CHARTRES-DE-BRETAGNE,35066,A,35 D34,18,0,0,48.04161,-1.69341,2021,2021,25287,2642,10.45,,,0,
154,196,352535.332,356841.2356,6781797.4107,6782149.8396,0.0,0.0,D34,19053,23332,20,355,24,655,Permanent,3,Chartres de B - Vern,D34_OA.OB,NOYAL-CHATILLON-SUR-SEICHE,35206,A,35 D34,23,730,0,48.04507,-1.6209301,2021,2021,11829,1382,11.68,,,0,
155,229,342543.5266,344487.9276,6772751.0097,6771055.5131,0.0,0.0,D38,30584,33293,31,769,34,665,Temporaire,3,D84 - D3038,GUICHEN,GUICHEN,35126,B,35 D38,34,0,0,47.9463355,-1.7723999,2021,2021,4985,255,5.11,,,0,
156,824,372401.7083,369284.8687,6828939.2179,6825817.298,0.0,0.0,D296,0,4656,0,0,4,686,Permanent,3,Avranches - Rennes,D296_ST_OUEN,SAINT-OUEN-LA-ROUERIE,35303,D,35 D296,0,900,0,48.47076,-1.44197,2021,2021,1231,137,11.16,,,0,
157,230,344487.9276,346814.2335,6771055.5131,6769677.3515,0.0,0.0,D38,33293,36147,34,665,37,526,Temporaire,3,D3038D38 - D77,Déviation Nord de Bourg des Comptes,BOURG-DES-COMPTES,35033,B,35 D38,36,0,0,47.9358278,-1.752058,2021,2021,4714,236,5.01,,,0,
158,227,339758.8178,341012.6032,6775969.6558,6774693.1573,0.0,0.0,D38,26952,28711,26,912,28,697,Temporaire,3,D69 - D177,GUICHEN,GUICHEN,35126,B,35 D38,28,0,0,47.9788799,-1.8204222,2021,2021,5544,159,2.86,,,0,
159,228,340706.5266,342543.5266,6773254.3219,6772751.0097,0.0,0.0,D38,28711,30584,30,0,31,769,Temporaire,3,D177 - D84,Déviation sud de GUICHEN,GUICHEN,35126,B,35 D38,31,600,0,47.9579044,-1.7943296,2021,2021,5319,257,4.84,,,0,
160,231,338712.9461,339758.8178,6778409.2151,6775969.6558,0.0,0.0,D39,0,3026,0,0,3,73,Temporaire,3,D44 D62 D4 - D38,GOVEN,GOVEN,35123,B,35 D39,1,0,0,48.0009667,-1.8416223,2021,2021,2632,55,2.09,,,0,
161,875,359861.0768,355644.7091,6784159.854,6786933.4071,0.0,0.0,D463,37701,43086,37,255,41,1676,Permanent,3,Lim. Rennes Métro - N136,D463_EX.04,CHANTEPIE,35055,C,35 D463,40,830,0,48.0809,-1.61293,2021,2021,8062,565,7.0,,,0,
162,677,309173.3217,312057.7427,6791777.5267,6795246.9566,0.0,0.0,D166,0,4660,0,0,4,592,Permanent,3,Dép. 56 - D773,D166 GAEL,GAEL,35117,B,35 D166,0,1,0,48.1094691,-2.2549987,2021,2021,3995,600,15.01,,,0,
163,678,312057.7427,313797.8506,6795246.9566,6799249.1527,0.0,0.0,D166,4660,9144,4,592,9,136,Temporaire,3,D773 - N2164 D125,ST MEEN LE GRAND,SAINT-MEEN-LE-GRAND,35297,B,35 D166,8,0,0,48.1711547,-2.2077479,2021,2021,6072,710,11.69,,,0,
164,680,316034.5598,316034.2989,6800305.2503,6804958.6432,0.0,0.0,D166,12126,16946,10,2048,15,742,Permanent,3,D3166 - D220,D166_LE_CROUAIS,LE CROUAIS,35091,B,35 D166,12,945,0,48.207159,-2.1751766,2021,2021,4973,715,14.38,,,0,
165,845,334465.0517,338605.9989,6851318.6533,6852929.6891,0.0,0.0,D355,0,4889,0,0,4,1011,Permanent,3,St Malo - Cancale,D355.VILLE.BESNARD,SAINT-MALO,35288,D,35 D355,0,300,0,48.6592481,-1.9651978,2021,2021,8890,354,3.98,,,0,
166,682,322704.2642,326578.0456,6844099.9996,6846521.1099,0.0,0.0,D168,0,4764,0,0,4,709,Temporaire,3,Dép.22 - D603,SAINT LUNAIRE,PLEURTUIT,35228,B,35 D168,3,300,0,48.6021354,-2.0820952,2021,2021,11122,297,2.67,,,0,
167,686,329560.2044,331022.4058,6847008.2796,6846844.9196,0.0,0.0,D168,7973,9894,7,880,9,799,Permanent,3,Dinard - St Malo,D168 LA COUDRAY,SAINT-MALO,35288,A,35 D168,9,553,9648,48.61486,-2.01138,2021,2021,31772,1506,4.74,,,0,
168,335,337570.9478,338723.604,6783127.3306,6778438.4802,0.0,0.0,D62,31650,37438,31,438,37,123,Temporaire,3,D36 - D44,BREAL SOUS MONTFORT,BREAL-SOUS-MONTFORT,35037,B,35 D62,35,0,0,48.0233013,-1.8590812,2021,2021,1832,51,2.8,,,0,
169,333,334143.2839,336945.1358,6789718.153,6784658.1605,0.0,0.0,D62,23800,29988,23,995,29,669,Temporaire,3,D35 - N24,BREAL SOUS MONTFORT,BREAL-SOUS-MONTFORT,35037,B,35 D62,29,0,0,48.06542,-1.8836288,2021,2021,7269,322,4.43,,,0,
170,921,348016.6813,340653.4586,6759740.5581,6758018.942,0.0,0.0,D772,15472,23243,15,740,23,741,Temporaire,3,D777 - D51,BAIN DE BRETAGNE,BAIN-DE-BRETAGNE,35012,B,35 D772,16,500,0,47.8417752,-1.7153754,2021,2021,5839,443,7.59,,,0,
171,387,332633.8718,332800.1221,6810470.7534,6805913.6975,0.0,0.0,D70,5349,10003,5,366,10,98,Temporaire,3,D20 - D21 D221,IRODOUER,IRODOUER,35135,B,35 D70,8,500,0,48.2641223,-1.9531267,2021,2021,3361,161,4.78,,,0,
172,915,391121.7855,391221.3933,6812896.8136,6815689.065,0.0,0.0,D706,1270,4127,2,0,4,880,Temporaire,3,N12 - D17,Rocade Est de Fougères,FOUGERES,35115,B,35 D706,3,0,0,48.3509563,-1.1724989,2021,2021,5448,404,7.41,,,0,
173,914,386980.178,386788.051,6815383.7373,6814139.4145,0.0,0.0,D706,0,1270,0,0,1,282,Temporaire,3,D155 - N12,LECOUSSE (rocade Fougères),LECOUSSE,35150,B,35 D706,0,200,0,48.3613502,-1.2282844,2021,2021,10933,954,8.73,,,0,
174,928,313326.0516,314767.1852,6788380.4512,6781607.3262,0.0,0.0,D773,7710,11903,6,477,13,667,Temporaire,3,D2 D31 - D38,PAIMPONT,PAIMPONT,35211,C,35 D773,11,414,0,48.0432085,-2.1838857,2021,2021,1979,109,5.5,,,0,
175,931,318363.0809,317142.0196,6739924.0617,6738336.1067,0.0,0.0,D775,0,1512,0,0,2,275,Permanent,3,D164 - Dép. 56,D775 REDON,REDON,35236,B,35 D775,2,275,0,47.6339137,-2.1019196,2021,2021,8613,0,0.0,,,0,
176,936,331189.7253,327363.5112,6770269.7301,6768300.944,0.0,0.0,D776,15392,19990,16,60,20,925,Temporaire,3,D42 - D65,MAURE DE BRETAGNE,MAURE-DE-BRETAGNE,35168,B,35 D776,18,500,0,47.9199156,-1.9671167,2021,2021,4003,165,4.12,,,0,
177,395,333157.3077,334372.3474,6801265.661,6797777.7486,0.0,0.0,D72,4600,8761,4,583,7,1234,Temporaire,3,D28 - D68,Barreau de PLEUMELEUC,PLEUMELEUC,35227,B,35 D72,6,1000,0,48.1866214,-1.9404349,2021,2021,4860,276,5.68,,,0,
178,400,343212.0301,347884.3788,6828401.9083,6823214.0848,0.0,0.0,D73,9545,16584,9,980,16,939,Temporaire,3,D10 D78 - D795,COMBOURG,COMBOURG,35085,C,35 D73,15,0,0,48.426256,-1.779202,2021,2021,3164,111,3.51,,,0,
179,943,372276.0818,369792.1196,6778294.4734,6776924.9665,0.0,0.0,D777,30977,33828,30,586,33,432,Temporaire,3,D463 - D32,PIRE SUR SEICHE,PIRE-SUR-SEICHE,35220,B,35 D777,32,550,0,48.0131635,-1.4204297,2021,2021,3856,430,11.14,,,0,
180,361,320382.7587,318555.2452,6742930.7411,6739838.5552,0.0,0.0,D67,25740,29412,24,1817,27,653,Temporaire,3,D177 - D164,REDON,REDON,35236,B,35 D67,26,0,0,47.6588508,-2.0718953,2021,2021,7186,159,2.21,,,0,
181,935,336964.6875,331190.6073,6774244.8096,6770280.0657,0.0,0.0,D776,8093,15392,8,618,16,60,Temporaire,3,D62 - D42,GUIGNEN,GUIGNEN,35127,B,35 D776,11,0,0,47.9570514,-1.8914298,2021,2021,4309,159,3.68,,,0,
182,934,341065.1516,336964.6875,6776563.546,6774244.8096,0.0,0.0,D776,3217,8093,3,527,8,618,Temporaire,3,D177 - D62,LASSY,LASSY,35149,B,35 D776,8,290,0,47.9688406,-1.8598964,2021,2021,4901,179,3.65,,,0,
183,944,369792.1196,365277.3297,6776924.9665,6772537.5373,0.0,0.0,D777,33828,40411,33,432,39,947,Temporaire,3,D32 - D2777,AMANLIS,AMANLIS,35002,B,35 D777,38,0,0,47.9835849,-1.4713036,2021,2021,4680,408,8.71,,,0,
184,946,363586.4405,360436.128,6770848.0734,6768480.44,0.0,0.0,D777,43332,47301,42,300,46,339,Temporaire,3,D411 - D163,BRIE,BRIE,35041,B,35 D777,45,500,0,47.9339732,-1.5405753,2021,2021,4287,492,11.47,,,0,
185,362,332890.8345,334000.1584,6813585.4719,6811450.2478,0.0,0.0,D68,0,2501,0,0,2,469,Temporaire,3,Dép. 22 - D27,LONGAULNAY,LONGAULNAY,35156,C,35 D68,1,150,0,48.3094337,-1.9491253,2021,2021,2365,149,6.28,,,0,
186,326,322617.0347,320857.4236,6783853.4791,6779534.5284,0.0,0.0,D61,24873,29556,25,843,30,510,Temporaire,3,D35 - N2024,PLELAN LE GRAND,PLELAN-LE-GRAND,35223,C,35 D61,28,500,0,48.0261241,-2.0784812,2021,2021,2650,112,4.23,,,0,
187,417,342028.322,340052.2716,6852376.0819,6849295.9022,0.0,0.0,D76,1169,5190,1,153,4,1102,Temporaire,3,D201 - D155,ST MELOIR DES ONDES,SAINT-MELOIR-DES-ONDES,35299,B,35 D76,4,0,0,48.6493595,-1.8776665,2021,2021,9833,299,3.04,,,0,
188,419,339285.2811,338879.7858,6848367.687,6845109.6755,0.0,0.0,D76,6461,9938,6,269,9,755,Temporaire,3,D376 - D4,LA GOUESNIERE,LA GOUESNIERE,35122,B,35 D76,9,0,0,48.6104991,-1.9027768,2021,2021,9963,420,4.22,,,0,
189,420,338868.5499,337572.9688,6845054.2132,6842374.4883,0.0,0.0,D76,9938,13130,9,755,12,995,Temporaire,3,D4 - D74,ST PERE,SAINT-PERE,35306,B,35 D76,11,800,0,48.5890859,-1.9055046,2021,2021,7669,397,5.18,,,0,
190,332,333008.1125,334143.9645,6793435.7932,6789750.1455,0.0,0.0,D62,19520,23800,19,181,23,995,Temporaire,3,D125 - D35,TALENSAC,TALENSAC,35331,B,35 D62,22,500,0,48.1186107,-1.9345161,2021,2021,5702,292,5.12,,,0,
191,984,389867.3239,388441.7245,6810413.8661,6815776.0114,0.0,0.0,D798,14590,17019,14,743,19,272,Temporaire,3,D22 - D706,JAVENE,JAVENE,35137,B,35 D798,16,300,0,48.3312605,-1.1896802,2021,2021,6706,614,9.16,,,0,
192,983,392189.5521,389867.3239,6805487.8849,6810413.8661,0.0,0.0,D798,9041,14590,9,38,14,743,Temporaire,3,D178 - D22,LUITRE,LUITRE,35163,B,35 D798,12,500,0,48.3011999,-1.1673285,2021,2021,5479,570,10.41,,,0,
193,2,391114.0627,382130.6073,6812839.4881,6813352.6536,0.0,0.0,N12,9165,19625,9,312,19,849,Permanent,3,Fougères - Rennes,N12 ROMAGNE (Stat.),ROMAGNE,35243,6N,35 N12,16,550,0,48.3557003,-1.2526788,2021,2021,15151,1738,11.47,,,0,
194,4,347002.5796,345540.3823,6791452.3784,6792525.3277,0.0,0.0,N12,22605,24436,65,680,67,511,Permanent,3,Rennes - St Brieuc,"N12 OI-11_1 (PACE, Champ Fleuri)",PACE,35210,6N,35 N12,65,300,0,48.1307065,-1.7554609,2021,2021,64293,7715,12.0,,,0,
195,951,331980.791,329937.6236,6757538.5451,6756929.2492,0.0,0.0,D777,69593,71759,66,155,68,172,Temporaire,3,D177 - D65,PIPRIAC,PIPRIAC,35219,B,35 D777,67,0,0,47.8128176,-1.9242957,2021,2021,5353,380,7.1,,,0,
196,1008,318701.4724,318889.5201,6746545.9195,6741798.2135,0.0,0.0,D873,3655,8508,3,593,8,509,Temporaire,3,D60 - D164,BAINS SUR OUST,REDON,35236,C,35 D873,7,200,0,47.6772499,-2.0830697,2021,2021,9414,400,4.25,,,0,
197,484,389741.4957,391735.9167,6782017.05,6781028.4637,0.0,0.0,D88,6231,8677,7,800,10,327,Temporaire,3,D111 - D33,Déviation Nord d'ARGENTRE DU PLESSIS,ARGENTRE-DU-PLESSIS,35006,C,35 D88,10,0,0,48.0584273,-1.140441,2021,2021,3307,356,10.76,,,0,
198,7,341014.4945,334466.744,6795322.841,6797530.1423,0.0,0.0,N12,29882,37011,72,980,80,193,Permanent,3,D21 - D72,N12 ST GILLES (Stat.),SAINT-GILLES,35275,6N,35 N12,74,900,0,48.1601597,-1.8426132,2021,2021,44369,5793,13.06,,,0,
199,8,334466.744,325673.4546,6797530.1423,6801591.7032,0.0,0.0,N12,37011,47387,80,193,90,642,Permanent,3,Rennes - St Brieuc,N12 COUCAL (Montauban) (Stat.),MONTAUBAN-DE-BRETAGNE,35184,6N,35 N12,87,0,0,48.186883,-2.0053376,2021,2021,37614,5101,13.56,,,0,
200,952,329937.6236,319777.8427,6756929.2492,6753969.9714,0.0,0.0,D777,71759,82588,68,172,78,930,Permanent,3,Bain - La Gacilly,D777_BELLEVUE,BRUC-SUR-AFF,35045,B,35 D777,73,28,0,47.7957,-2.00696,2021,2021,2713,244,8.98,,,0,
201,9,325673.4546,318574.4524,6801591.7032,6807883.393,0.0,0.0,N12,47387,57708,90,642,100,1039,Permanent,3,Rennes - St Brieuc,N12 QUEDILLAC (Stat.),QUEDILLAC,35234,6N,35 N12,100,608,0,48.2551864,-2.1400492,2021,2021,25605,4132,16.14,,,0,
202,1,399272.2521,391145.1149,6809234.4454,6812853.2228,0.0,0.0,N12,0,9165,0,0,9,312,Permanent,3,Alençon - Fougères,N12 FLEURIGNE (Stat.),FLEURIGNE,35112,6N,35 N12,4,440,0,48.3310301,-1.1050424,2021,2021,5175,643,12.42,,,0,
203,20,351066.265,350073.8407,6785807.6549,6786892.4135,0.0,0.0,N136,10220,11856,10,87,11,752,Permanent,3,Porte 7 - Porte 8,N136 08-07 (ST JACQUES),SAINT-JACQUES-DE-LA-LANDE,35281,6N,35 N136,11,495,0,0.0,0.0,2021,2021,88877,8744,9.84,,,0,
204,992,391232.6095,388440.0893,6815728.779,6815753.0606,0.0,0.0,D806,9067,12092,9,156,12,381,Temporaire,3,D177 - D798,FOUGERES,FOUGERES,35115,B,35 D806,11,500,0,48.3684417,-1.1956997,2021,2021,7886,477,6.05,,,0,
205,1010,347914.059,348334.9384,6823212.5683,6823561.7938,0.0,0.0,D895,1979,2524,2,51,2,596,Temporaire,3,D73 - D795,COMBOURG,COMBOURG,35085,C,35 D895,2,350,0,0.0,0.0,2021,2021,6278,337,5.37,,,0,
206,1009,348426.2044,347882.012,6821714.3067,6823186.4323,0.0,0.0,D895,0,1979,0,0,2,51,Temporaire,3,D795 - D73,COMBOURG,COMBOURG,35085,B,35 D895,1,500,0,0.0,0.0,2021,2021,7379,660,8.94,,,0,
207,23,349151.3,350543.9213,6790831.466,6792388.7312,0.0,0.0,N136,16096,18196,16,16,18,116,Permanent,3,Porte 12 - Porte 13,"N136 12-13 (RENNES, Quincé)",RENNES,35238,6N,35 N136,17,900,0,0.0,0.0,2021,2021,80923,5833,7.21,,,0,
208,16,357698.5927,356074.206,6788351.2813,6787206.3417,0.0,0.0,N136,2881,4825,2,736,4,671,Permanent,3,Porte 3 - Porte 4,N136_ 04_03 (CHANTEPIE),CHANTEPIE,35055,6N,35 N136,4,420,0,0.0,0.0,2021,2021,62511,8189,13.1,,,0,
209,14,359952.6093,358631.3093,6789810.5344,6788839.0737,0.0,0.0,N136,0,1840,0,0,1,690,Permanent,3,Porte 1 - Porte 2,"N136 01-02 (CESSON, Rigourdière)",CESSON-SEVIGNE,35051,6N,35 N136,1,84,0,0.0,0.0,2021,2021,52362,7480,14.28,,,0,
210,319,350543.9213,353012.892,6792388.7312,6792621.6801,0.0,0.0,N136,18196,20725,18,116,20,645,Permanent,3,Pt 13 D137 - Pt 14,"N136 13-14 (ST GREGOIRE, G. de Gaulle)",SAINT-GREGOIRE,35278,6N,35 N136,19,390,0,0.0,0.0,2021,2021,70221,6906,9.84,,,0,
211,492,363132.6522,361094.5688,6835306.1209,6831599.8032,0.0,0.0,D90,6475,11099,6,507,11,149,Temporaire,3,D387 - D155,PLEINE-FOUGERES,PLEINE-FOUGERES,35222,C,35 D90,9,200,0,48.507243,-1.5839604,2021,2021,1541,76,4.93,,,0,
212,27,350014.6435,350867.1009,6773834.9081,6781003.8246,0.0,0.0,N137,30409,37651,31,3,38,246,Permanent,3,Nantes - Rennes,"N137 EX-OC (PONT PEAN, Les Tremblais)",PONT-PEAN,35363,6N,35 N137,37,200,0,0.0,0.0,2021,2021,49930,5492,11.0,,,0,
213,37,362350.9769,359462.7753,6788784.4183,6789184.7463,0.0,0.0,N157,37877,40834,38,821,41,779,Permanent,3,Paris - Rennes,N157 EX-01 (NOYAL),NOYAL-SUR-VILAINE,35207,6N,35 N157,39,100,0,0.0,0.0,2021,2021,62400,8371,13.41,,,0,
214,36,367259.9598,362350.9769,6787572.7583,6788784.4183,0.0,0.0,N157,32774,37877,33,713,38,821,Permanent,3,Paris - Rennes,N157 EX 2 (BRECE),SERVON-SUR-VILAINE,35327,6N,35 N157,33,847,0,0.0,0.0,2021,2021,53333,8223,15.42,,,0,
215,965,347578.979,336979.8127,6822393.1085,6825470.6874,0.0,0.0,D794,54983,66239,55,968,67,250,Temporaire,3,D75 D75 - D137,MEILLAC,PLEUGUENEUC,35226,B,35 D794,67,0,0,48.4277526,-1.9051726,2021,2021,3584,207,5.77,,,0,
216,964,356017.6043,348799.4679,6820578.9561,6822877.022,0.0,0.0,D794,45872,53610,46,736,54,552,Temporaire,3,D83 - D795 D13,COMBOURG,COMBOURG,35085,B,35 D794,52,0,0,48.4093223,-1.7140469,2021,2021,2656,98,3.68,,,0,
217,996,376271.301,372693.898,6808094.3498,6804490.1359,0.0,0.0,D812,12254,17551,27,576,32,875,Permanent,3,Fougères - Rennes,D812_ST_ AUBIN,SAINT-JEAN-SUR-COUESNON,35282,D,35 D812,30,275,0,48.27369,-1.38958,2021,2021,4229,429,10.15,,,0,
218,12,343596.0104,333575.3838,6786597.5813,6783811.8404,0.0,0.0,N24,6423,17004,8,273,18,605,Permanent,3,Rennes - Lorient,N24 OG-OH (MORDELLES),MORDELLES,35196,6N,35 N24,9,623,0,48.0754413,-1.7997392,2021,2021,31676,3406,10.75,,,0,
219,962,364810.234,361676.5677,6812962.756,6817436.7101,0.0,0.0,D794,33557,39257,34,523,40,244,Temporaire,3,D175 - D90,ST REMY DU PLAIN,SAINT-REMY-DU-PLAIN,35309,B,35 D794,38,0,0,48.3553222,-1.5579708,2021,2021,2806,144,5.14,,,0,
220,961,371119.3404,364810.234,6807522.867,6812962.756,0.0,0.0,D794,24737,33557,25,684,34,523,Temporaire,3,D23 - D175,MEZIERE SUR COUESNON,MEZIERES-SUR-COUESNON,35178,B,35 D794,30,0,0,48.3097248,-1.4708682,2021,2021,2303,165,7.16,,,0,
221,455,353112.4818,352571.2638,6785874.0606,6781818.0224,0.0,0.0,D82,37075,41234,38,887,50,865,Permanent,3,Rennes - Noyal/chatil,D82_IN.OB,NOYAL-CHATILLON-SUR-SEICHE,35206,D,35 D82,48,530,0,48.06557,-1.66472,2021,2021,6197,405,6.54,,,0,
222,354,357012.7561,359027.8873,6793076.8903,6792401.8616,0.0,0.0,N136,25086,27488,25,6,27,408,Permanent,3,Pt 16 A84 - Pt 17 D86 D29,"N136 16-17 (THORIGNE, La Gravelle)",THORIGNE-FOUILLARD,35334,6N,35 N136,26,981,0,0.0,0.0,2021,2021,45719,3591,7.86,,,0,
223,346,359027.8873,359952.6093,6792401.8616,6789810.5344,0.0,0.0,N136,27488,30335,27,408,30,273,Permanent,3,Pt 17 D86 D29 - Pt 1 N157,"N136 17-01 (CESSON, Le Ruisseau)",CESSON-SEVIGNE,35051,6N,35 N136,29,840,0,0.0,0.0,2021,2021,50839,6391,12.57,,,0,
224,28,350867.1009,352076.2923,6781003.8246,6785952.2286,0.0,0.0,N137,37651,42766,38,246,43,361,Permanent,3,Nantes - Rennes,"N137 OC-06 (NOYAL CHATILLON, Le Hill)",NOYAL-CHATILLON-SUR-SEICHE,35206,6N,35 N137,41,60,0,0.0,0.0,2021,2021,52381,5500,10.5,,,0,
225,959,377471.7768,372668.1553,6799956.5909,6804460.1475,0.0,0.0,D794,13812,21163,14,702,22,423,Temporaire,3,D112 D26 - A84,ST AUBIN DU CORMIER,SAINT-AUBIN-DU-CORMIER,35253,B,35 D794,17,0,0,48.2332355,-1.356188,2021,2021,3496,202,5.77,,,0,
226,958,380818.7137,377471.7768,6794676.8337,6799956.5909,0.0,0.0,D794,7089,13812,7,874,14,702,Temporaire,3,D505 D105 - D112 D26,VAL D'IZE,VAL-D'IZE,35347,B,35 D794,12,0,0,48.2031958,-1.3333847,2021,2021,2699,187,6.94,,,0,
227,449,348435.8137,350952.3881,6822143.766,6816782.1518,0.0,0.0,D82,8219,14450,8,437,15,180,Temporaire,3,D795 - D20,COMBOURG,COMBOURG,35085,C,35 D82,13,500,0,48.37554,-1.7262659,2021,2021,2156,70,3.24,,,0,
228,34,336865.8823,333200.5305,6838497.5582,6837875.7903,0.0,0.0,N176,29445,33174,29,655,33,575,Permanent,3,D137 - Dép.22,N176 LA VILLE ES NONAIS,LA VILLE-ES-NONAIS,35358,6N,35 N176,33,575,0,0.0,0.0,2021,2021,20799,2618,12.59,,,0,
229,46,352089.2793,336865.8823,6838791.5416,6838497.5582,0.0,0.0,N176,14173,29445,14,290,29,655,Permanent,3,Dol - Dinan,N176 ROZ-LANDRIEUX (Stat.),ROZ-LANDRIEUX,35246,6N,35 N176,23,0,0,0.0,0.0,2021,2021,18483,2153,11.65,,,0,
230,957,383755.2048,380818.7137,6791318.2438,6794676.8337,0.0,0.0,D794,2550,7089,3,250,7,874,Temporaire,3,D305 - D505,LANDAVRAN,LANDAVRAN,35141,B,35 D794,6,0,0,48.1625376,-1.2728565,2021,2021,4464,238,5.34,,,0,
231,970,349668.7496,350118.2507,6828641.0683,6832654.8003,0.0,0.0,D795,20352,24474,21,85,25,251,Temporaire,3,D9 - D10,BONNEMAIN,BONNEMAIN,35029,C,35 D795,21,200,0,0.0,0.0,2021,2021,4298,227,5.27,,,0,
232,265,360422.8737,364257.2482,6763399.7977,6763072.5959,0.0,0.0,D47,17551,21441,17,244,21,128,Temporaire,3,D93 - D163,TRESBOEUF,TRESBOEUF,35343,C,35 D47,19,0,0,47.8812118,-1.5200632,2021,2021,1186,72,6.05,,,0,
233,968,346126.508,348426.2044,6816362.5199,6821714.3067,0.0,0.0,D795,7115,13148,7,810,13,880,Temporaire,3,D20 - D794,COMBOURG,COMBOURG,35085,B,35 D795,10,0,0,0.0,0.0,2021,2021,6166,289,4.69,,,0,
234,967,342611.9075,346126.508,6810534.4371,6816362.5199,0.0,0.0,D795,0,7115,0,0,7,810,Temporaire,3,D637 - D20,TINTENIAC,TINTENIAC,35337,B,35 D795,5,0,0,0.0,0.0,2021,2021,5268,273,5.18,,,0,
235,1000,349355.5406,350455.5322,6779666.8844,6786230.9694,0.0,0.0,D837,3654,7614,4,0,11,50,Permanent,3,Chartres de B. - Rennes,D837_OD.07,NOYAL-CHATILLON-SUR-SEICHE,35206,C,35 D837,9,810,0,48.07259,-1.69624,2021,2021,23536,2530,10.75,,,0,
236,273,346814.2335,351442.286,6769677.3515,6769224.3858,0.0,0.0,D48,30534,35553,30,528,36,183,Temporaire,3,D77 - N137,BOURG-DES-COMPTES,BOURG-DES-COMPTES,35033,B,35 D48,34,500,0,47.9251229,-1.6938503,2021,2021,5438,269,4.94,,,0,
237,975,364549.752,361969.4006,6824011.7122,6823793.9688,0.0,0.0,D796,6549,9191,7,445,10,305,Temporaire,3,D313 - D90,BAZOUGES LA PEROUSE,BAZOUGES-LA-PEROUSE,35019,C,35 D796,9,0,0,48.4260092,-1.5559006,2021,2021,2142,114,5.3,,,0,
238,977,352858.7835,349008.2424,6824736.5496,6822955.7114,0.0,0.0,D796,19137,23583,20,290,24,772,Temporaire,3,D83 - D794,COMBOURG,COMBOURG,35085,C,35 D796,20,500,0,48.429829,-1.6980824,2021,2021,2948,109,3.7,,,0,
239,941,381892.3549,378240.4215,6783388.7184,6781343.7824,0.0,0.0,D777,19231,24578,19,670,24,691,Temporaire,3,N157 - D95,LOUVIGNE DE BAIS,LOUVIGNE-DE-BAIS,35161,B,35 D777,22,720,0,48.058233,-1.3100051,2021,2021,5718,709,12.4,,,0,
240,942,378240.4215,372312.1168,6781343.7824,6778318.469,0.0,0.0,D777,24578,30977,24,691,30,586,Permanent,3,N157 - D95,D777.LOUVIGNE DE BAIS,LOUVIGNE-DE-BAIS,35161,B,35 D777,26,715,0,48.0402093,-1.3529305,2021,2021,3760,641,17.05,,,0,
